{"current":{"page_width":1440,"section_vertical_spacing":"xsmall","section_boxed_horizontal_spacing":"medium","button_border_radius":60,"input_border_radius":8,"block_border_radius":24,"block_shadow_opacity":10,"block_shadow_vertical_offset":18,"icon_stroke_width":1.5,"icon_style":"duo","button_style":"fill","button_hover_effect":"reverse","background":"#f7f7f7","text_color":"#1a1a1a","success_color":"#00a341","warning_color":"#ffb74a","error_color":"#f83a3a","header_background":"#ffffff","header_text_color":"#1a1a1a","footer_background":"#1a1a1a","footer_text_color":"#ffffff","dialog_background":"#ffffff","primary_button_background":"#38bc6f","primary_button_text_color":"#ffffff","secondary_button_background":"#000000","secondary_button_text_color":"#ffffff","product_card_background":"#fafafa","product_card_text_color":"#1a1a1a","product_rating_color":"#ffb74a","product_on_sale_accent":"#38bc6f","product_sold_out_badge_background":"#000000","product_primary_badge_background":"#803cee","heading_font":"din_next_n7","heading_font_size":"large","heading_text_transform":"normal","heading_letter_spacing":-2,"text_font":"din_next_n4","text_font_size_mobile":17,"text_font_size_desktop":15,"text_font_letter_spacing":0,"show_page_transition":false,"reduce_drawer_animation":false,"heading_apparition":"split_fade","color_swatch_style":"square","product_color_display":"swatch","product_info_alignment":"start","cart_type":"drawer","cart_icon":"shopping_basket","cart_show_free_shipping_threshold":false,"cart_free_shipping_threshold":0,"favicon":"shopify:\/\/shop_images\/Untitled_design-removebg-preview..png","checkout_logo_image":"shopify:\/\/shop_images\/Untitled_design-removebg-preview..png","checkout_logo_position":"center","checkout_logo_size":"large","checkout_body_background_color":"#fff","checkout_sidebar_background_color":"#f5f5f5","checkout_accent_color":"#1a1a1a","checkout_button_color":"#38bc6f","content_for_index":[],"blocks":{"15557474716127144420":{"type":"shopify:\/\/apps\/kaching-bundle-quantity-breaks\/blocks\/app-embed-block\/6c637362-a106-4a32-94ac-94dcfd68cdb8","disabled":false,"settings":{}},"855628211100114053":{"type":"shopify:\/\/apps\/klaviyo-email-marketing-sms\/blocks\/klaviyo-onsite-embed\/2632fe16-c075-4321-a88b-50b567f42507","disabled":false,"settings":{}}}},"presets":{"Sound":{"section_vertical_spacing":"medium","button_border_radius":60,"input_border_radius":8,"block_border_radius":24,"block_shadow_opacity":10,"block_shadow_vertical_offset":18,"background":"#f0f0f0","text_color":"#1a1a1a","header_background":"#f0f0f0","header_text_color":"#1a1a1a","footer_background":"#ffffff","footer_text_color":"#1a1a1a","primary_button_background":"#1a1a1a","primary_button_text_color":"#ffffff","secondary_button_background":"#f0c417","secondary_button_text_color":"#1a1a1a","product_card_text_color":"#1a1a1a","product_primary_badge_background":"#803cee","heading_font":"din_next_n7","heading_font_size":"large","heading_letter_spacing":-2,"text_font":"din_next_n4","show_page_transition":true,"cart_icon":"shopping_basket","heading_apparition":"split_fade","product_color_display":"swatch","product_info_alignment":"start","checkout_accent_color":"#f0c417","checkout_button_color":"#1a1a1a"},"Home":{"section_vertical_spacing":"medium","section_boxed_horizontal_spacing":"large","button_hover_effect":"reverse","background":"#ffffff","text_color":"#272727","success_color":"#708a5c","warning_color":"#e37e16","error_color":"#aa2826","header_background":"#ffffff","header_text_color":"#272727","footer_background":"#f2f2f2","footer_text_color":"#272727","primary_button_background":"#272727","primary_button_text_color":"#ffffff","secondary_button_background":"#3c619e","secondary_button_text_color":"#ffffff","product_card_text_color":"#272727","product_on_sale_accent":"#e34f4f","product_sold_out_badge_background":"#bebdb9","product_primary_badge_background":"#3c619e","heading_font":"futura_n7","heading_font_size":"large","heading_text_transform":"normal","heading_letter_spacing":-1,"text_font":"futura_n4","cart_icon":"shopping_basket","heading_apparition":"split_rotation","color_swatch_style":"rectangle","product_color_display":"swatch","cart_type":"drawer","checkout_body_background_color":"#f2f2f2","checkout_sidebar_background_color":"#ffffff","checkout_accent_color":"#3c619e","checkout_button_color":"#3c619e"},"Shape":{"page_width":1440,"section_vertical_spacing":"small","section_boxed_horizontal_spacing":"medium","button_border_radius":60,"input_border_radius":8,"block_border_radius":20,"icon_stroke_width":1.5,"button_style":"fill","button_hover_effect":"reverse","text_color":"#2a555a","header_background":"#ffffff","header_text_color":"#2a555a","footer_background":"#f7f7f7","footer_text_color":"#2a555a","primary_button_background":"#2a555a","primary_button_text_color":"#ffffff","secondary_button_background":"#d9967e","product_card_text_color":"#2a555a","cart_icon":"tote_bag","heading_font":"itc_berkeley_old_style_n4","heading_font_size":"large","heading_text_transform":"normal","heading_letter_spacing":-1,"text_font":"muli_n4","text_font_size_desktop":15,"product_color_display":"swatch","product_info_alignment":"center"}}}