{"sections":{"banner":{"type":"collection-banner","disabled":true,"settings":{"full_width":false,"allow_transparent_header":false,"enable_parallax":true,"show_collection_title":true,"show_collection_description":true,"show_collection_image":true,"collection_title_size":"h2","image_size":"auto","mobile_text_position":"place-self-center text-center","desktop_text_position":"sm:place-self-center sm:text-center","featured_product":"","featured_product_heading":"Featured product","text_color":"#ffffff","overlay_color":"#000000","overlay_opacity":30}},"main":{"type":"main-collection","settings":{"products_per_page":24,"products_per_row_mobile":"2","products_per_row_desktop":3,"filter_layout":"sidebar","show_sort_by":true,"show_filters":true,"show_filter_group_name":false,"show_color_swatch":true,"show_empty_filter_values":false,"show_filter_values_count":true,"open_first_filter_group":false}},"fbaf5b97-b1af-4cb5-b43b-c55d3dd61c6e":{"type":"custom-review-slider","blocks":{"be4991f7-a681-46f7-9bb9-77bbf8e3e34a":{"type":"image","settings":{"days-ago":"5 uur geleden","review-headd":"Genieten!","review-desc":"Shilapure heeft mijn energieniveau verhoogd en mijn algehele welzijn verbeterd. Ik voel me nu energiek en vitaal! Voorheen was ik vaak moe en lusteloos, en ik had moeite om de dag door te komen. Maar sinds ik Shilapure ben gaan gebruiken, merk ik een aanzienlijke verandering. Ik heb nu de energie om mijn dagelijkse taken aan te pakken en zelfs nog wat extra's te doen. Het voelt geweldig om weer volop van het leven te kunnen genieten!","name":"Elise Schittering"}},"3845fab1-d3ba-4d30-b7bf-48dda3647b1a":{"type":"image","settings":{"days-ago":"4 dagen geleden","review-headd":"Puur natuur","review-desc":"Ik ben dol op de natuurlijke ingrediënten in Shilapure. Het geeft me een natuurlijke boost zonder bijwerkingen.","name":"Marc Kapels"}},"82ed7871-bce4-440f-a862-92d1fa236b0b":{"type":"image","settings":{"days-ago":"19 uur geleden","review-headd":"Innerlijke rust!","review-desc":"Ik ben zo blij dat ik Shilapure heb ontdekt. Het heeft geholpen bij het verminderen van mijn stress en angst, waardoor ik me rustiger voel. Ik had altijd last van een constant gevoel van spanning en zorgen, wat mijn dagelijkse leven behoorlijk beïnvloedde. Maar sinds ik Shilapure ben gaan gebruiken, merk ik dat ik me veel kalmer en meer ontspannen voel. Het helpt me om beter om te gaan met stressvolle situaties en geeft me een gevoel van innerlijke rust.","name":"John K."}},"4b02a2bc-14ac-4ed5-b9e4-a9188950b706":{"type":"image","settings":{"days-ago":"1 dag geleden","review-headd":"Harmonie met mijn lichaam!","review-desc":"Shilapure heeft mijn algehele welzijn verbeterd. Ik voel me nu gezonder, gelukkiger en meer in harmonie met mijn lichaam.","name":"R. Sieman"}},"d5b3084d-16bf-488c-a0db-065a51a1316b":{"type":"image","settings":{"days-ago":"4 dagen geleden","review-headd":"Betere focus","review-desc":"Sinds ik Shilapure gebruik, merk ik dat mijn focus en concentratie verbeterd zijn. Het helpt me om productiever te zijn gedurende de dag. Voorheen had ik vaak moeite om me te concentreren en mijn aandacht bij taken te houden. Maar dankzij Shilapure kan ik me nu beter focussen en ben ik in staat om mijn taken efficiënter af te handelen. Het is geweldig om te ervaren hoe mijn productiviteit is toegenomen en ik meer gedaan krijg.","name":"Sara T."}},"30dba625-3ea7-4083-ad79-9fa14238debb":{"type":"image","settings":{"days-ago":"2 dagen geleden","review-headd":"Gezondere huid","review-desc":"Ik ben erg tevreden met de resultaten van Shilapure. Mijn huid ziet er gezonder uit en ik heb een natuurlijke gloed gekregen.","name":"Lea Binnen"}},"aaea0367-ec91-466a-bb8c-8f8439324ed0":{"type":"image","settings":{"days-ago":"6 dagen geleden","review-headd":"immuunsysteem versterkt","review-desc":"Shilapure heeft me geholpen om mijn immuunsysteem te versterken. Ik voel me nu sterker en beter bestand tegen ziektes. Ik had vaak last van verkoudheden en andere kleine kwaaltjes, waardoor ik me regelmatig niet op mijn best voelde. Maar sinds ik Shilapure ben gaan gebruiken, merk ik dat mijn weerstand is verbeterd. Ik word minder snel ziek en als ik toch iets onder de leden heb, herstel ik sneller. Het is geweldig om te weten dat ik mijn gezondheid kan ondersteunen met dit natuurlijke supplement.","name":"Julian W."}},"40e89eed-c8d8-4f8d-af5d-c4dc3b87aaff":{"type":"image","settings":{"days-ago":"4 dagen geleden","review-headd":"Minder last van maagklachten","review-desc":"Shilapure heeft mijn spijsvertering ondersteund. Ik heb minder last van maagklachten en voel me comfortabeler na het eten.","name":"Anna Bakker"}},"a4836596-8038-40ac-9189-b36e18204935":{"type":"image","settings":{"days-ago":"12 dagen geleden","review-headd":"Betere slaap!","review-desc":"Shilapure heeft mijn slaapkwaliteit aanzienlijk verbeterd. Voorheen had ik moeite om in slaap te vallen en sliep ik vaak onrustig. Maar sinds ik Shilapure ben gaan gebruiken, merk ik dat ik sneller in slaap val en dieper slaap. Ik word 's ochtends uitgerust wakker en voel me energiek voor de dag. Het is geweldig om eindelijk een goede nachtrust te hebben en de voordelen daarvan te ervaren. Ik voel me frisser en kan beter omgaan met de uitdagingen van het dagelijks leven.","name":"Larissa C."}}},"block_order":["be4991f7-a681-46f7-9bb9-77bbf8e3e34a","3845fab1-d3ba-4d30-b7bf-48dda3647b1a","82ed7871-bce4-440f-a862-92d1fa236b0b","4b02a2bc-14ac-4ed5-b9e4-a9188950b706","d5b3084d-16bf-488c-a0db-065a51a1316b","30dba625-3ea7-4083-ad79-9fa14238debb","aaea0367-ec91-466a-bb8c-8f8439324ed0","40e89eed-c8d8-4f8d-af5d-c4dc3b87aaff","a4836596-8038-40ac-9189-b36e18204935"],"settings":{"left-head":"GEWELDIG","left-desc":"Shilapure.nl is beoordeeld met een 4.8\/5 totaal door 4300+ klanten. Bekijk wat onze klanten vinden:"}}},"order":["banner","main","fbaf5b97-b1af-4cb5-b43b-c55d3dd61c6e"]}