{"sections":{"slideshow":{"type":"slideshow","blocks":{"slide-1":{"type":"image","settings":{"image":"shopify:\/\/shop_images\/Shilajit1_5.webp","mobile_image":"shopify:\/\/shop_images\/Shilajit1_5_23d730b6-d594-4700-9ae1-4ec97db05831.webp","content_max_width":780,"mobile_text_position":"place-self-center text-center","desktop_text_position":"sm:place-self-center sm:text-center","subheading":"SHILAPURE™","title":"DE BESTE SHILAJIT OP DE MARKT","heading_tag":"h0","button_text":"SHOP NU","button_link":"shopify:\/\/products\/shilapure-puur-shilajit-resin","text_color":"#ffffff","button_background":"#ffffff","button_text_color":"#000000","overlay_color":"#000000","overlay_opacity":30,"background":"","background_gradient":""}},"slide-2":{"type":"image","disabled":true,"settings":{"content_max_width":780,"mobile_text_position":"place-self-center text-center","desktop_text_position":"sm:place-self-center sm:text-center","subheading":"LIXY ZOMER DEALS","title":"TOT MEER DAN 50% KORTING","heading_tag":"h0","button_text":"SHOP NU","button_link":"shopify:\/\/collections\/all","text_color":"#ffffff","button_background":"#ffffff","button_text_color":"#000000","overlay_color":"#000000","overlay_opacity":30,"background":"","background_gradient":""}}},"block_order":["slide-1","slide-2"],"settings":{"full_width":true,"allow_transparent_header":true,"image_size":"auto","controls_type":"numbers","transition_type":"fade_with_text","autoplay":true,"cycle_speed":6,"background":"#f2f2f2","background_gradient":"linear-gradient(60deg, rgba(60, 65, 68, 1), rgba(23, 29, 33, 1) 98%)"}},"scrolling-text":{"type":"scrolling-text","disabled":true,"settings":{"full_width":true,"text":"❄️🎄EINDEJAARS SALE 2023🎄❄️ TIJDELIJK 3+1 GRATIS!🎄❄️","text_size":"medium","text_style":"fill","scrolling_mode":"auto","scrolling_speed":5,"background":"#f0ece1","background_gradient":"","text_color":"#1a1a1a","text_gradient":""}},"collection-list":{"type":"collection-list","blocks":{"collection-1":{"type":"collection","settings":{"collection":"shilapure™","subheading":"","title":"","url":"","heading_tag":"h2","text_position":"place-self-center text-center","text_color":"#ffffff","overlay_color":"#000000","overlay_opacity":30}},"collection-2":{"type":"collection","disabled":true,"settings":{"collection":"","subheading":"","title":"","url":"","heading_tag":"h2","text_position":"place-self-center text-center","text_color":"#ffffff","overlay_color":"#000000","overlay_opacity":30}},"collection-3":{"type":"collection","disabled":true,"settings":{"collection":"","subheading":"","title":"","url":"","heading_tag":"h2","text_position":"place-self-center text-center","text_color":"#ffffff","overlay_color":"#000000","overlay_opacity":30}}},"block_order":["collection-1","collection-2","collection-3"],"disabled":true,"custom_css":[],"settings":{"full_width":true,"stack_collections":false,"collections_per_row":3,"show_progress_bar":false,"subheading":"","title":"BEKIJK ONZE EINDERJAARS DEALS","content":"","link_url":"","link_text":"","background":"#f0ece1","background_gradient":"","text_color":"","heading_color":"","heading_gradient":""}},"faq":{"type":"faq","blocks":{"166442457738b23caf-2":{"type":"item","settings":{"title":"Wat zijn de leveringskosten?","content":"<p>Wat zijn de leveringskosten?<\/p>"}},"166442457738b23caf-1":{"type":"item","settings":{"title":"Hoe kan ik mijn bestelling volgen?","content":"<p>Zodra je pakket wordt verzonden, sturen we een e -mail met een track en trace. Hier kun je de status van jouw bestelling vinden en indien nodig de bezorgservice aanvullende instructies verstrekken. Of <a href=\"\/pages\/volg-je-bestelling-live\" title=\"Volg Je Bestelling Live\">Klik hier<\/a> om naar de trackingpagina te gaan.<\/p>"}},"166442457738b23caf-0":{"type":"item","settings":{"title":"Een andere vraag?","content":"<p>Als je vragen hebt, aarzel dan niet om contact met ons op te nemen, we helpen je graag. Onze experts zijn 7 dagen per week beschikbaar om alle vragen die je hebt te beantwoorden.<\/p><p><strong>Contact:<\/strong> support@lixy.nl of <a href=\"\/pages\/contact\" title=\"Contact\">Klik hier<\/a><\/p>"}}},"block_order":["166442457738b23caf-2","166442457738b23caf-1","166442457738b23caf-0"],"disabled":true,"settings":{"full_width":false,"subheading":"","title":"Veelgestelde Vragen","content":"","team_avatar_width":160,"support_hours":"Onze klantenservice is 7 dagen per week bereikbaar, van 08:00-21:30.","answer_time":"Gemiddelde antwoordtijd: 43 min.","button_text":"","button_url":"","text_position":"start","background":"#ffffff","background_gradient":"linear-gradient(89deg, rgba(48, 48, 48, 1) 7%, rgba(124, 124, 124, 1) 94%)","text_color":"","heading_color":"","heading_gradient":"","button_background":"","button_text_color":"","accordion_background":"","accordion_text_color":""}},"8185a2e1-8408-4c29-b9ac-981bdd5e2b69":{"type":"media-with-text","blocks":{"template--20247055401308__8185a2e1-8408-4c29-b9ac-981bdd5e2b69-image-1":{"type":"image","settings":{"image":"shopify:\/\/shop_images\/o4y3n7dl.png","media_width":50,"media_position":"start","text_position":"place-self-center text-center","icon":"none","icon_width":48,"subheading":"Deal van het jaar","title":"BEKIJK ONZE EINDERJAARS   DEALS","content":"","link_text":"Bekijk product","link_url":"https:\/\/shilapure.nl\/products\/shilapure-puur-shilajit-resin","background":"#ffffff","background_gradient":"","text_color":"#161313","text_gradient":"","button_background":"#161313","button_text_color":"#ffffff"}}},"block_order":["template--20247055401308__8185a2e1-8408-4c29-b9ac-981bdd5e2b69-image-1"],"settings":{"full_width":false,"spacing":"small"}},"224a70db-8e4f-4818-9904-69a5e30fd5c4":{"type":"image-with-text-overlay","blocks":{"template--20247055401308__224a70db-8e4f-4818-9904-69a5e30fd5c4-heading-1":{"type":"heading","settings":{"text":"Probeer het zonder risico: 30 dagen geld-terug-garantie","heading_tag":"h1"}},"template--20247055401308__224a70db-8e4f-4818-9904-69a5e30fd5c4-richtext-1":{"type":"richtext","settings":{"content":"<p><strong>Ervaar zelf waarom Pure Shilajit Hars wordt geprezen als de natuurlijke schat!Geniet van het behalen van energie of krijg je geld terug!We hebben volledig vertrouwen in onze producten en nodigen je uit om onze Pure Shilajit Hars zonder enig risico gedurende 30 dagen uit te proberen.Als je niet tevreden bent, kun je ze retourneren en krijg je een volledige terugbetaling.<\/strong><\/p><p><\/p>"}},"69aefab5-26e2-477c-9a00-c01dff193446":{"type":"richtext","settings":{"content":"<p>**Disclaimer**<br\/>*De verklaringen op de website zijn niet beoordeeld door de Voedsel- en Warenautoriteit. Alle producten zijn niet bedoeld voor diagnose, behandeling en een ziekte genezen of voorkomen.<\/p>"}},"d3cb25e3-8f2f-40ff-a9fa-7fd5ce7f77c7":{"type":"button","settings":{"style":"fill","size":"lg","text":"SHOP NU","url":"https:\/\/shilapure.nl\/products\/shilapure-puur-shilajit-resin","background":"#ffffff","text_color":"#000000"}}},"block_order":["template--20247055401308__224a70db-8e4f-4818-9904-69a5e30fd5c4-heading-1","template--20247055401308__224a70db-8e4f-4818-9904-69a5e30fd5c4-richtext-1","69aefab5-26e2-477c-9a00-c01dff193446","d3cb25e3-8f2f-40ff-a9fa-7fd5ce7f77c7"],"settings":{"full_width":true,"allow_transparent_header":false,"enable_parallax":false,"image_size":"auto","image":"shopify:\/\/shop_images\/panoramic-shot-valley-base-cordillera-huyahuash-peru-with-its-peak-covered-snow.jpg","mobile_image":"shopify:\/\/shop_images\/1080x1920-15zjbw309roobdua.jpg","mobile_text_position":"place-self-center text-center","desktop_text_position":"sm:place-self-center sm:text-center","text_color":"#ffffff","overlay_color":"rgba(0,0,0,0)","overlay_opacity":30}}},"order":["slideshow","scrolling-text","collection-list","faq","8185a2e1-8408-4c29-b9ac-981bdd5e2b69","224a70db-8e4f-4818-9904-69a5e30fd5c4"]}