{"sections":{"main":{"type":"main-page","settings":{"content_width":"120ch"}},"6a09f73e-1024-4542-9afd-03bfe02f6a22":{"type":"rich-text","blocks":{"template--19346658296152__6a09f73e-1024-4542-9afd-03bfe02f6a22-subheading-1":{"type":"subheading","disabled":true,"settings":{"text":"Subheading"}},"template--19346658296152__6a09f73e-1024-4542-9afd-03bfe02f6a22-richtext-1":{"type":"richtext","disabled":true,"settings":{"content":"<p>Use this text to share information about your brand with your customers. Describe a product, share announcements, or welcome customers to your store.<\/p>"}}},"block_order":["template--19346658296152__6a09f73e-1024-4542-9afd-03bfe02f6a22-subheading-1","template--19346658296152__6a09f73e-1024-4542-9afd-03bfe02f6a22-richtext-1"],"settings":{"full_width":true,"content_width":"small","text_position":"center","background":"","background_gradient":"","text_color":""}},"169030877738d5bba9":{"type":"apps","settings":{"full_width":true,"remove_vertical_spacing":false,"remove_horizontal_spacing":false,"background":"","background_gradient":"","text_color":"","enable_review_integration":true,"review_header_gradient":"linear-gradient(135deg, rgba(255, 194, 102, 1), rgba(255, 163, 26, 1) 100%)","review_header_text_color":"#000000","review_button_background":"#000000","review_button_text_color":"#ffffff"}},"daf07692-6459-48c0-a37d-56fed64b51cc":{"type":"multiple-images-with-text","blocks":{"template--20247055761756__daf07692-6459-48c0-a37d-56fed64b51cc-item-1":{"type":"item","settings":{"image":"shopify:\/\/shop_images\/WhatsApp_Image_2023-12-27_at_2.52.01_PM.jpg","image_rotation_degrees":-2,"subheading":"","title":"U.S. FDA Registration","content":"<p>Onze Shilajit is FDA geregistreerd, waardoor u verzekerd bent van kwaliteit en veiligheid. Kies met vertrouwen voor uw welzijn.<\/p>","button_url":"","button_text":""}},"template--20247055761756__daf07692-6459-48c0-a37d-56fed64b51cc-item-2":{"type":"item","settings":{"image":"shopify:\/\/shop_images\/0001.jpg","image_rotation_degrees":1.5,"subheading":"","title":"Certificate of Analysis (COA)","content":"<p>Voel je zelfverzekerd bij het gebruik van onze Shilajit, het wordt geleverd met een analysecertificaat (COA) voor kwaliteitsborging. We hebben het grondig getest, dus u kunt erop vertrouwen dat u een eersteklas product krijgt.<\/p>","button_url":"","button_text":""}},"8422f4ed-8297-432b-82cb-d2b755bf1ebf":{"type":"item","settings":{"image":"shopify:\/\/shop_images\/0002.jpg","image_rotation_degrees":1.5,"subheading":"","title":"Certificate of Analysis (COA)","content":"<p>Voel je zelfverzekerd bij het gebruik van onze Shilajit, het wordt geleverd met een analysecertificaat (COA) voor kwaliteitsborging. We hebben het grondig getest, dus u kunt erop vertrouwen dat u een eersteklas product krijgt.<\/p>","button_url":"","button_text":""}}},"block_order":["template--20247055761756__daf07692-6459-48c0-a37d-56fed64b51cc-item-1","template--20247055761756__daf07692-6459-48c0-a37d-56fed64b51cc-item-2","8422f4ed-8297-432b-82cb-d2b755bf1ebf"],"settings":{"full_width":true,"images_layout":"stacked","collage_images_alignment":"middle","background":"","background_gradient":"","text_color":"","button_background":"","button_text_color":""}}},"order":["main","6a09f73e-1024-4542-9afd-03bfe02f6a22","169030877738d5bba9","daf07692-6459-48c0-a37d-56fed64b51cc"]}