{"sections":{"16709164393c099f56-1690308630614":{"type":"apps","settings":{"full_width":true,"remove_vertical_spacing":false,"remove_horizontal_spacing":false,"background":"","background_gradient":"","text_color":"","enable_review_integration":true,"review_header_gradient":"linear-gradient(135deg, rgba(255, 194, 102, 1), rgba(255, 163, 26, 1) 100%)","review_header_text_color":"#000000","review_button_background":"#000000","review_button_text_color":"#ffffff"}}},"order":["16709164393c099f56-1690308630614"]}