{"sections":{"main":{"type":"main-product","blocks":{"vendor":{"type":"vendor","disabled":true,"settings":{}},"title":{"type":"title","settings":{"heading_tag":"h2"}},"badges":{"type":"badges","settings":{}},"price":{"type":"price","settings":{"show_taxes_notice":false}},"7d74dc2a-2bdb-458b-b825-4228e7bb1788":{"type":"trust","settings":{"first-text":"‏‏‏ ‏ Op voorraad, klaar om te verzenden","second-text":"Voor 23:00 besteld, vandaag verwerkt","third-text":"‏ ‏‏Bestel nu, betaal later"}},"quantity_selector":{"type":"quantity_selector","settings":{}},"payment_terms":{"type":"payment_terms","settings":{}},"separator":{"type":"separator","disabled":true,"settings":{}},"variant_picker":{"type":"variant_picker","disabled":true,"settings":{"hide_sold_out_variants":false,"stack_blocks":true,"selector_mode":"block","color_mode":"dropdown","size_chart_page":""}},"buy_buttons":{"type":"buy_buttons","settings":{"show_payment_button":false,"show_gift_card_recipient":false,"atc_button_background":"#237dff","atc_button_text_color":"#ffffff","payment_button_background":"#38bc6f","payment_button_text_color":""}},"2120896e-034c-4a37-a987-3a286249e95f":{"type":"offer","settings":{"text_alignment":"center","icon_position":"aligned","icon":"picto-timer","icon_width":20,"title":"Deze deal geldt alléén vandaag!","content":"","background":"#ffffff","text_color":"#f83a3a"}},"rating":{"type":"rating","settings":{"show_empty":false}},"91b37792-6341-43a5-813d-36bd478a3be4":{"type":"separator","settings":{}},"description":{"type":"description","settings":{"collapse_content":false}}},"block_order":["vendor","title","badges","price","7d74dc2a-2bdb-458b-b825-4228e7bb1788","quantity_selector","payment_terms","separator","variant_picker","buy_buttons","2120896e-034c-4a37-a987-3a286249e95f","rating","91b37792-6341-43a5-813d-36bd478a3be4","description"],"custom_css":[".price-list {font-weight: bold;}",".text-lg {font-size: 24px; font-weight: bold;}",".badge--on-sale {font-size: 12px; padding: 5px 10px; background-color: #ffff; color: #fff; border-radius: 25px;}",".text-subdued {font-size: 24px;}"],"settings":{"full_width":true,"show_fixed_add_to_cart":true,"desktop_media_width":55,"desktop_media_layout":"carousel_thumbnails_left","mobile_media_size":"expanded","mobile_carousel_control":"floating_dots","enable_video_autoplay":false,"enable_video_looping":true,"enable_image_zoom":true,"max_image_zoom_level":3,"background":"#ffffff","background_gradient":"","text_color":"","input_background":"rgba(0,0,0,0)","input_text_color":""}},"related-products":{"type":"related-products","disabled":true,"settings":{"recommendations_count":6,"products":[],"full_width":true,"stack_products":true,"show_progress_bar":false,"products_per_row_mobile":"1","products_per_row_desktop":3,"subheading":"","title":"You may also like","content":"","background":"","background_gradient":"","text_color":"","heading_color":"","heading_gradient":"","product_card_background":"","product_card_text_color":""}},"568df08d-3904-4087-a9e3-7281836cd529":{"type":"before-after-image","settings":{"full_width":true,"subheading":"","title":"Normaal & Glow In The Dark","content":"<p>Sleep de streep naar links om de armband te zien als het donker is<\/p>","before_image":"shopify:\/\/shop_images\/1_bd24ceee-a0b6-4696-b240-eb9ffe728ea9.png","after_image":"shopify:\/\/shop_images\/2_5856fabd-dbd9-4e24-807d-9beb5550b190.png","expand_image":false,"text_position":"center","before_after_text_position":"top","before_text":"Normaal","after_text":"Glow In The Dark","drag_initial_position":50,"background":"","background_gradient":"","text_color":"","before_text_color":"#000000","after_text_color":"#baffbd","drag_cursor_background":"#ffffff","drag_cursor_color":"#000000"}},"3f823448-6f30-4d71-b3f5-3469deac270e":{"type":"custom-review-slider","blocks":{"537cb5ac-6a90-4111-b2d7-a89e9ebd60c8":{"type":"image","settings":{"days-ago":"5 uur geleden","review-headd":"Wat een top website!","review-desc":"Kwam toevallig een advertentie op facebook tegen en dacht laat ik maar eens proberen. Pakketje snel binnengekregen en top kwaliteit. Aanrader!","name":"Elise Schittering"}},"0658ab78-30e3-4411-a26b-8c11c2ef66f4":{"type":"image","settings":{"days-ago":"4 dagen geleden","review-headd":"Net mijn pakketje..","review-desc":"Net mijn pakketje ontvangen en ben er blij mee. Zie er goed uit, kwaliteit is top, levering was snel en pakketje was goed verpakt.","name":"Marc Kapels"}},"7d79c1de-66a2-4b96-b9c1-03cb41c0892e":{"type":"image","settings":{"days-ago":"19 uur geleden","review-headd":"Top","review-desc":"Mijn broer is volgende week jarig en had nog een cadeautje nodig voor hem. Op Facebook zag ik toen een advertentie van deze site. Ik heb een mooie deal gescoord en het product ziet er ook goed uit als op de foto's. Ga zo door","name":"John K."}},"776b34fd-ed1c-403c-bc5e-b382000dafe2":{"type":"image","settings":{"days-ago":"1 dag geleden","review-headd":"Goeie Site","review-desc":"Zeer snelle levering, overzichtelijke website en het product perfect verpakt. De prijs was bij lixy.nl ook perfect!","name":"R. Sieman"}}},"block_order":["537cb5ac-6a90-4111-b2d7-a89e9ebd60c8","0658ab78-30e3-4411-a26b-8c11c2ef66f4","7d79c1de-66a2-4b96-b9c1-03cb41c0892e","776b34fd-ed1c-403c-bc5e-b382000dafe2"],"settings":{"left-head":"GEWELDIG","left-desc":"Beoordeeld met een 4.8\/5 totaal door 4300+ klanten. Bekijk wat onze klanten vinden:"}}},"order":["main","related-products","568df08d-3904-4087-a9e3-7281836cd529","3f823448-6f30-4d71-b3f5-3469deac270e"]}