{"sections":{"main":{"type":"main-product","blocks":{"vendor":{"type":"vendor","disabled":true,"settings":{}},"title":{"type":"title","settings":{"heading_tag":"h2"}},"badges":{"type":"badges","settings":{}},"price":{"type":"price","settings":{"show_taxes_notice":false}},"7d74dc2a-2bdb-458b-b825-4228e7bb1788":{"type":"trust","settings":{"first-text":"Op voorraad, klaar om te verzenden","second-text":"Voor 23:00 besteld, vandaag verwerkt","third-text":"Bestel nu, betaal later"}},"quantity_selector":{"type":"quantity_selector","settings":{}},"payment_terms":{"type":"payment_terms","settings":{}},"separator":{"type":"separator","disabled":true,"settings":{}},"variant_picker":{"type":"variant_picker","settings":{"hide_sold_out_variants":false,"stack_blocks":true,"selector_mode":"block","color_mode":"dropdown","size_chart_page":""}},"buy_buttons":{"type":"buy_buttons","settings":{"show_payment_button":false,"show_gift_card_recipient":false,"atc_button_background":"#38bc6f","atc_button_text_color":"#ffffff","payment_button_background":"#38bc6f","payment_button_text_color":""}},"2120896e-034c-4a37-a987-3a286249e95f":{"type":"offer","settings":{"text_alignment":"center","icon_position":"aligned","icon":"picto-timer","icon_width":20,"title":"Deze deal geldt alléén vandaag!","content":"","background":"#ffffff","text_color":"#f83a3a"}},"rating":{"type":"rating","settings":{"show_empty":false}},"91b37792-6341-43a5-813d-36bd478a3be4":{"type":"separator","settings":{}},"description":{"type":"description","disabled":true,"settings":{"collapse_content":false}}},"block_order":["vendor","title","badges","price","7d74dc2a-2bdb-458b-b825-4228e7bb1788","quantity_selector","payment_terms","separator","variant_picker","buy_buttons","2120896e-034c-4a37-a987-3a286249e95f","rating","91b37792-6341-43a5-813d-36bd478a3be4","description"],"custom_css":[".price-list {font-weight: bold;}",".text-lg {font-size: 24px; font-weight: bold;}",".badge--on-sale {font-size: 12px; padding: 5px 10px; background-color: #ffff; color: #fff; border-radius: 25px;}",".text-subdued {font-size: 24px;}"],"settings":{"full_width":true,"show_fixed_add_to_cart":true,"desktop_media_width":55,"desktop_media_layout":"carousel_thumbnails_left","mobile_media_size":"expanded","mobile_carousel_control":"floating_dots","enable_video_autoplay":false,"enable_video_looping":true,"enable_image_zoom":true,"max_image_zoom_level":3,"background":"#ffffff","background_gradient":"","text_color":"","input_background":"rgba(0,0,0,0)","input_text_color":""}},"7be31835-a9c6-4101-b568-fe8dc632ae1f":{"type":"text-with-icons","blocks":{"template--20247056089436__7be31835-a9c6-4101-b568-fe8dc632ae1f-item-1":{"type":"item","settings":{"icon":"picto-coupon","custom_icon":"shopify:\/\/shop_images\/nature.png","mobile_icon_width":40,"icon_width":72,"icon_background_type":"circle","icon_background":"","icon_color":"","title":"Natuurlijke en zuivere bron","content":"<p>Shilajit-hars is afkomstig uit de ongerepte en ongerepte gebieden van het Himalaya-gebergte en zorgt voor een natuurlijke en zuivere bron<\/p>"}},"template--20247056089436__7be31835-a9c6-4101-b568-fe8dc632ae1f-item-2":{"type":"item","settings":{"icon":"picto-coupon","custom_icon":"shopify:\/\/shop_images\/selenium.png","mobile_icon_width":40,"icon_width":72,"icon_background_type":"circle","icon_background":"","icon_color":"","title":"Rijk aan mineralen","content":"<p>Het is afkomstig van oude, voedselrijke bodems en bevat van nature een spectrum aan mineralen die van vitaal belang zijn voor de algehele gezondheid.<\/p>"}},"template--20247056089436__7be31835-a9c6-4101-b568-fe8dc632ae1f-item-3":{"type":"item","settings":{"icon":"picto-coupon","custom_icon":"shopify:\/\/shop_images\/thunderbolt.png","mobile_icon_width":40,"icon_width":72,"icon_background_type":"circle","icon_background":"","icon_color":"","title":"Energie- en uithoudingsvermogen boost","content":"<p>Ervaar een natuurlijke boost in energie en uithoudingsvermogen met onze premium shilajit-hars.<\/p>"}}},"block_order":["template--20247056089436__7be31835-a9c6-4101-b568-fe8dc632ae1f-item-1","template--20247056089436__7be31835-a9c6-4101-b568-fe8dc632ae1f-item-2","template--20247056089436__7be31835-a9c6-4101-b568-fe8dc632ae1f-item-3"],"settings":{"full_width":true,"stack_on_mobile":false,"title":"","heading_tag":"h5","text_alignment":"center","icon_spacing":"medium","background":"","background_gradient":"","text_color":""}},"bf49376f-1cd3-44e2-a2ab-a16d3eec6170":{"type":"images-with-text-scrolling","blocks":{"template--20247056089436__bf49376f-1cd3-44e2-a2ab-a16d3eec6170-item-1":{"type":"item","settings":{"image":"shopify:\/\/shop_images\/Untitleddesign_12.png","icon":"none","icon_width":44,"title":"WAAROM VOOR SHILAPURE™ KIEZEN?","content":"<ul><li>84+ mineralen<\/li><li>Geeft meer energie<\/li><li>Zorgt voor mentale helderheid en concentratie<\/li><li>Revitaliseert je lichaam<\/li><li>Zorgt voor ontspanning en welzijn<\/li><\/ul>"}},"template--20247056089436__bf49376f-1cd3-44e2-a2ab-a16d3eec6170-item-2":{"type":"item","settings":{"image":"shopify:\/\/shop_images\/Shilajit1_5.webp","icon":"none","icon_width":48,"title":" Wat is Shilajit?","content":"<p>Een opmerkelijke stof die wordt gevonden in het hart van 's werelds hoogste diepgaands, waaronder <strong>de Himalaya<\/strong>.<\/p><p>Het is een <strong>zeldzaam en krachtig harsachtig materiaal<\/strong>dat zich in de loop der eeuwen vormt uit de ontbinding van <strong>plantaardig en microbieel materiaal<\/strong><\/p>"}},"871acb37-f297-445a-9ced-44e9ce067154":{"type":"item","settings":{"image":"shopify:\/\/shop_images\/3webp_7b32428e-47d0-4032-b5b1-0d4c65366434_1.webp","icon":"none","icon_width":48,"title":"Hoe te genieten?","content":"<p><strong>Dosering<\/strong><br\/>Begin met 0,5 gram per dag als begindosering. Het wordt aanbevolen om het een of twee keer per dag 's ochtends of 's avonds in te nemen, afhankelijk van je behoeften.<br\/><br\/><strong>Hoe<\/strong><br\/>Gebruik het bijgeleverde schepje om de gedeeltelijke dosis Shilajit hars van te meten. Los de hoeveelheid afgemeten in een kop warm water, koffie om een ​​revitaliserend elixer te creëren.<\/p><p><strong>Opmerking<\/strong><br\/>Bewaar het op een koele, schaduwrijke plek of koel het product af zodra het geopend is. Vries het niet in.<\/p>"}}},"block_order":["template--20247056089436__bf49376f-1cd3-44e2-a2ab-a16d3eec6170-item-1","template--20247056089436__bf49376f-1cd3-44e2-a2ab-a16d3eec6170-item-2","871acb37-f297-445a-9ced-44e9ce067154"],"settings":{"full_width":true,"stack_on_mobile":true,"show_counter":true,"desktop_image_effect":"reveal","image_position":"start","background":"","background_gradient":"","text_color":"","heading_color":"","heading_gradient":""}},"34af5a80-3aa0-47cd-a692-976482c7bbae":{"type":"media-with-text","blocks":{"template--20247056089436__34af5a80-3aa0-47cd-a692-976482c7bbae-image-1":{"type":"image","settings":{"image":"shopify:\/\/shop_images\/Supplementfeiten_3.png","media_width":50,"media_position":"start","text_position":"place-self-center text-center","icon":"none","icon_width":48,"subheading":"","title":"Eenvoudig. Zuiver. Krachtig","content":"<p>De Himalaya wordt al lang geassocieerd met spiritueel ontwaken en holistisch leven. Ons product brengt een stukje van deze heilige energie in je dagelijks leven, waardoor je het diepe gevoel van welzijn kunt aanboren dat van de top van de wereld komt. <\/p>","link_text":"","link_url":"","background":"rgba(0,0,0,0)","background_gradient":"","text_color":"#150202","text_gradient":"","button_background":"","button_text_color":""}},"b0f0f129-7c31-4507-8c51-86a84a9e9d5e":{"type":"image","settings":{"image":"shopify:\/\/shop_images\/Supplementfeiten_2.png","media_width":50,"media_position":"end","text_position":"place-self-center text-center","icon":"none","icon_width":48,"subheading":"","title":"Shilapure, Gewoon Anders.","content":"<p>Onze shilajit komt rechtstreeks uit de Himalaya en heeft een hoog fulvinezuurgehalte voor een betere opname van voedingsstoffen.Het is in het laboratorium getest op veiligheid en is transparant afkomstig, gewoon pure goedheid.<\/p>","link_text":"","link_url":"","background":"rgba(0,0,0,0)","background_gradient":"","text_color":"#150202","text_gradient":"","button_background":"","button_text_color":""}},"5a94ed0e-4eb6-4416-966f-b55825fe9831":{"type":"image","settings":{"image":"shopify:\/\/shop_images\/howtowebp4805fps.webp","media_width":50,"media_position":"start","text_position":"place-self-center text-center","icon":"none","icon_width":48,"subheading":"","title":"Weinig druppels, grote impact.","content":"<p>Neem eerst een hoeveelheid ter grootte van een erwt, meng het daarna met een warme drank en geniet van je drankje.<\/p>","link_text":"","link_url":"","background":"rgba(0,0,0,0)","background_gradient":"","text_color":"#150202","text_gradient":"","button_background":"","button_text_color":""}}},"block_order":["template--20247056089436__34af5a80-3aa0-47cd-a692-976482c7bbae-image-1","b0f0f129-7c31-4507-8c51-86a84a9e9d5e","5a94ed0e-4eb6-4416-966f-b55825fe9831"],"settings":{"full_width":false,"spacing":"small"}},"f707f3b6-b11d-4e94-af65-9d829a3c4cf6":{"type":"multiple-images-with-text","blocks":{"template--20247056089436__f707f3b6-b11d-4e94-af65-9d829a3c4cf6-item-1":{"type":"item","settings":{"image":"shopify:\/\/shop_images\/WhatsApp_Image_2023-12-27_at_2.52.01_PM.jpg","image_rotation_degrees":-2,"subheading":"","title":"U.S. FDA Registration","content":"<p>Ons Shilajit is FDA-geregistreerd, waardoor u verzekerd bent van kwaliteit en veiligheid. Kies met vertrouwen voor uw welzijn.<\/p>","button_url":"","button_text":""}},"template--20247056089436__f707f3b6-b11d-4e94-af65-9d829a3c4cf6-item-2":{"type":"item","settings":{"image":"shopify:\/\/shop_images\/0001.jpg","image_rotation_degrees":1.5,"subheading":"","title":"Certificate of Analysis (COA)","content":"<p>Voel je zelfverzekerd bij het gebruik van onze Shilajit, het wordt geleverd met een analysecertificaat (COA) voor kwaliteitsborging. We hebben het grondig getest, zodat u erop kunt vertrouwen dat u een eersteklas product krijgt<\/p>","button_url":"","button_text":""}},"8b244ab1-3142-4d2e-b328-2db07be6b6a5":{"type":"item","settings":{"image":"shopify:\/\/shop_images\/0002.jpg","image_rotation_degrees":0,"subheading":"","title":"Certificate of Analysis (COA)","content":"<p>Voel je zelfverzekerd bij het gebruik van onze Shilajit, het wordt geleverd met een analysecertificaat (COA) voor kwaliteitsborging. We hebben het grondig getest, zodat u erop kunt vertrouwen dat u een eersteklas product krijgt<\/p>","button_url":"","button_text":""}}},"block_order":["template--20247056089436__f707f3b6-b11d-4e94-af65-9d829a3c4cf6-item-1","template--20247056089436__f707f3b6-b11d-4e94-af65-9d829a3c4cf6-item-2","8b244ab1-3142-4d2e-b328-2db07be6b6a5"],"settings":{"full_width":true,"images_layout":"stacked","collage_images_alignment":"shifted","background":"","background_gradient":"","text_color":"","button_background":"","button_text_color":""}},"47a28095-96c5-4a23-b5ea-bf45ac0964a9":{"type":"image-with-text-overlay","blocks":{"template--20247056089436__47a28095-96c5-4a23-b5ea-bf45ac0964a9-heading-1":{"type":"heading","settings":{"text":"Probeer het zonder risico: 30 dagen geld-terug-garantie","heading_tag":"h1"}},"template--20247056089436__47a28095-96c5-4a23-b5ea-bf45ac0964a9-richtext-1":{"type":"richtext","settings":{"content":"<p><strong>Ervaar zelf waarom Pure Shilajit Hars wordt geprezen als de natuurlijke schat!Geniet van het behalen van energie of krijg je geld terug!We hebben volledig vertrouwen in onze producten en nodigen je uit om onze Pure Shilajit Hars zonder enig risico gedurende 30 dagen uit te proberen.Als je niet tevreden bent, kun je ze retourneren en krijg je een volledige terugbetaling.<\/strong><\/p><p><\/p><p><\/p>"}},"32ab591f-ef79-4b68-ad4b-5f243ede5771":{"type":"richtext","settings":{"content":"<p><\/p><h6>**Disclaimer**<br\/>*De verklaringen op de website zijn niet beoordeeld door de Voedsel- en Warenautoriteit. Alle producten zijn niet bedoeld voor diagnose, behandeling en een ziekte genezen of voorkomen.<\/h6>"}}},"block_order":["template--20247056089436__47a28095-96c5-4a23-b5ea-bf45ac0964a9-heading-1","template--20247056089436__47a28095-96c5-4a23-b5ea-bf45ac0964a9-richtext-1","32ab591f-ef79-4b68-ad4b-5f243ede5771"],"settings":{"full_width":true,"allow_transparent_header":false,"enable_parallax":false,"image_size":"sm","image":"shopify:\/\/shop_images\/panoramic-shot-valley-base-cordillera-huyahuash-peru-with-its-peak-covered-snow.jpg","mobile_image":"shopify:\/\/shop_images\/1080x1920-15zjbw309roobdua.jpg","mobile_text_position":"place-self-center text-center","desktop_text_position":"sm:place-self-center sm:text-center","text_color":"#ffffff","overlay_color":"rgba(0,0,0,0)","overlay_opacity":30}},"a3dcf649-0022-4f7c-a369-8e93481a5952":{"type":"faq","blocks":{"template--20247056089436__a3dcf649-0022-4f7c-a369-8e93481a5952-item-1":{"type":"item","settings":{"title":"Wat is Shilajit Pure Resin?","content":"<p>Shilajit Pure Resin is een natuurlijk mineraalrijk supplement dat wordt gewonnen uit de bergen.<\/p>"}},"template--20247056089436__a3dcf649-0022-4f7c-a369-8e93481a5952-item-2":{"type":"item","settings":{"title":" Waar komt Shilajit vandaan?","content":"<p>Shilajit wordt voornamelijk gevonden in de bergen van Azië, zoals de Himalaya.<\/p>"}},"template--20247056089436__a3dcf649-0022-4f7c-a369-8e93481a5952-item-3":{"type":"item","settings":{"title":"Wat zijn de voordelen van Shilajit Pure Resin?","content":"<p>Shilajit kan helpen bij het verhogen van energie, het verbeteren van mentale helderheid en het ondersteunen van het immuunsysteem.<\/p>"}},"b5859ede-a80e-4933-bd6a-c92d0ab38aa9":{"type":"item","settings":{"title":"Hoe gebruik je Shilajit Pure Resin?","content":"<p>Meestal wordt Shilajit ingenomen in capsule- of poedervorm. De dosering kan variëren, dus volg altijd de aanbevolen instructies op de verpakking.<\/p>"}},"b350c072-9e6d-463c-8544-3fe7cfcdf1da":{"type":"item","settings":{"title":"Is Shilajit veilig om te gebruiken?","content":"<p>Over het algemeen wordt Shilajit als veilig beschouwd wanneer het op de juiste manier wordt gebruikt.<\/p>"}},"bf33ffc9-5ca7-410d-a695-bdc374a9296f":{"type":"item","settings":{"title":"Kan Shilajit helpen bij het verbeteren van de sportprestaties?","content":"<p>Uit onderzoek wordt beweerd dat Shilajit kan helpen bij het verbeteren van de sportprestaties vanwege de potentieel stimulerende eigenschappen. <\/p>"}},"77f2b738-a65e-4484-add2-cb6f83efc929":{"type":"item","settings":{"title":"Kan Shilajit helpen bij het verbeteren van de cognitieve functie?","content":"<p>Er zijn aanwijzingen dat Shilajit de cognitieve functie kan ondersteunen, maar verder onderzoek is nodig om dit volledig te begrijpen.<\/p>"}},"4598c435-2e1d-4fd2-9cbd-cf33bcf5bc44":{"type":"item","settings":{"title":"Kan Shilajit helpen bij het verlichten van stress en angst?","content":"<p>Er zijn aanwijzingen dat Shilajit wel degelijk kan helpen bij het verminderen van stress en angst.<\/p>"}}},"block_order":["template--20247056089436__a3dcf649-0022-4f7c-a369-8e93481a5952-item-1","template--20247056089436__a3dcf649-0022-4f7c-a369-8e93481a5952-item-2","template--20247056089436__a3dcf649-0022-4f7c-a369-8e93481a5952-item-3","b5859ede-a80e-4933-bd6a-c92d0ab38aa9","b350c072-9e6d-463c-8544-3fe7cfcdf1da","bf33ffc9-5ca7-410d-a695-bdc374a9296f","77f2b738-a65e-4484-add2-cb6f83efc929","4598c435-2e1d-4fd2-9cbd-cf33bcf5bc44"],"settings":{"full_width":true,"subheading":"","title":"Veelgestelde Vragen","content":"<p>Veelgestelde vragen over SHILAPURE™<\/p>","team_avatar":"shopify:\/\/shop_images\/Untitled_design-removebg-preview..png","team_avatar_width":150,"support_hours":" Aarzel niet om ons te contacteren voor meerdere vragen.","answer_time":"Info@shilapure.nl","button_text":"","button_url":"","text_position":"center","background":"#ffffff","background_gradient":"","text_color":"","heading_color":"","heading_gradient":"","button_background":"","button_text_color":"","accordion_background":"","accordion_text_color":""}},"related-products":{"type":"related-products","disabled":true,"settings":{"recommendations_count":6,"products":[],"full_width":true,"stack_products":true,"show_progress_bar":false,"products_per_row_mobile":"1","products_per_row_desktop":3,"subheading":"","title":"You may also like","content":"","background":"","background_gradient":"","text_color":"","heading_color":"","heading_gradient":"","product_card_background":"","product_card_text_color":""}},"3f823448-6f30-4d71-b3f5-3469deac270e":{"type":"custom-review-slider","blocks":{"537cb5ac-6a90-4111-b2d7-a89e9ebd60c8":{"type":"image","settings":{"days-ago":"5 uur geleden","review-headd":"Genieten!","review-desc":"Shilapure heeft mijn energieniveau verhoogd en mijn algehele welzijn verbeterd. Ik voel me nu energiek en vitaal! Voorheen was ik vaak moe en lusteloos, en ik had moeite om de dag door te komen. Maar sinds ik Shilapure ben gaan gebruiken, merk ik een aanzienlijke verandering. Ik heb nu de energie om mijn dagelijkse taken aan te pakken en zelfs nog wat extra's te doen. Het voelt geweldig om weer volop van het leven te kunnen genieten!","name":"Elise Schittering"}},"0658ab78-30e3-4411-a26b-8c11c2ef66f4":{"type":"image","settings":{"days-ago":"4 dagen geleden","review-headd":"Puur natuur","review-desc":"Ik ben dol op de natuurlijke ingrediënten in Shilapure. Het geeft me een natuurlijke boost zonder bijwerkingen.","name":"Marc Kapels"}},"7d79c1de-66a2-4b96-b9c1-03cb41c0892e":{"type":"image","settings":{"days-ago":"19 uur geleden","review-headd":"Innerlijke rust!","review-desc":"Ik ben zo blij dat ik Shilapure heb ontdekt. Het heeft geholpen bij het verminderen van mijn stress en angst, waardoor ik me rustiger voel. Ik had altijd last van een constant gevoel van spanning en zorgen, wat mijn dagelijkse leven behoorlijk beïnvloedde. Maar sinds ik Shilapure ben gaan gebruiken, merk ik dat ik me veel kalmer en meer ontspannen voel. Het helpt me om beter om te gaan met stressvolle situaties en geeft me een gevoel van innerlijke rust.","name":"John K."}},"776b34fd-ed1c-403c-bc5e-b382000dafe2":{"type":"image","settings":{"days-ago":"1 dag geleden","review-headd":"Harmonie met mijn lichaam!","review-desc":"Shilapure heeft mijn algehele welzijn verbeterd. Ik voel me nu gezonder, gelukkiger en meer in harmonie met mijn lichaam.","name":"R. Sieman"}},"b9d3549d-b12c-4523-8713-3473d523d225":{"type":"image","settings":{"days-ago":"4 dagen geleden","review-headd":"Betere focus","review-desc":"Sinds ik Shilapure gebruik, merk ik dat mijn focus en concentratie verbeterd zijn. Het helpt me om productiever te zijn gedurende de dag. Voorheen had ik vaak moeite om me te concentreren en mijn aandacht bij taken te houden. Maar dankzij Shilapure kan ik me nu beter focussen en ben ik in staat om mijn taken efficiënter af te handelen. Het is geweldig om te ervaren hoe mijn productiviteit is toegenomen en ik meer gedaan krijg.","name":"Sara T."}},"0e61a7f0-b511-4943-bb95-aac5bc1f6977":{"type":"image","settings":{"days-ago":"2 dagen geleden","review-headd":"Gezondere huid","review-desc":"Ik ben erg tevreden met de resultaten van Shilapure. Mijn huid ziet er gezonder uit en ik heb een natuurlijke gloed gekregen.","name":"Lea Binnen"}},"183b22a6-1a06-4863-a9aa-c63ca14fab63":{"type":"image","settings":{"days-ago":"6 dagen geleden","review-headd":"immuunsysteem versterkt","review-desc":"Shilapure heeft me geholpen om mijn immuunsysteem te versterken. Ik voel me nu sterker en beter bestand tegen ziektes. Ik had vaak last van verkoudheden en andere kleine kwaaltjes, waardoor ik me regelmatig niet op mijn best voelde. Maar sinds ik Shilapure ben gaan gebruiken, merk ik dat mijn weerstand is verbeterd. Ik word minder snel ziek en als ik toch iets onder de leden heb, herstel ik sneller. Het is geweldig om te weten dat ik mijn gezondheid kan ondersteunen met dit natuurlijke supplement.","name":"Julian W."}},"05d38bd3-7384-4ab5-976d-82cb19ef0e57":{"type":"image","settings":{"days-ago":"4 dagen geleden","review-headd":"Minder last van maagklachten","review-desc":"Shilapure heeft mijn spijsvertering ondersteund. Ik heb minder last van maagklachten en voel me comfortabeler na het eten.","name":"Anna Bakker"}},"b7d716c6-fecc-4a47-88ed-7be6433baed5":{"type":"image","settings":{"days-ago":"12 dagen geleden","review-headd":"Betere slaap!","review-desc":"Shilapure heeft mijn slaapkwaliteit aanzienlijk verbeterd. Voorheen had ik moeite om in slaap te vallen en sliep ik vaak onrustig. Maar sinds ik Shilapure ben gaan gebruiken, merk ik dat ik sneller in slaap val en dieper slaap. Ik word 's ochtends uitgerust wakker en voel me energiek voor de dag. Het is geweldig om eindelijk een goede nachtrust te hebben en de voordelen daarvan te ervaren. Ik voel me frisser en kan beter omgaan met de uitdagingen van het dagelijks leven.","name":"Larissa C."}},"b25a3b14-8336-43f7-acd2-6b1b511ba318":{"type":"image","settings":{"days-ago":"5 uur geleden","review-headd":"Productiever","review-desc":"Sinds ik Shilapure ben gaan gebruiken, merk ik dat mijn concentratie en focus enorm zijn verbeterd. Voorheen had ik moeite om me langere tijd op één taak te concentreren, maar nu kan ik me beter richten en productiever werken. Het heeft echt een positieve invloed gehad op mijn productiviteit en prestaties.","name":"F. Sanchez"}},"3aad380e-a085-4560-8313-e414c58d51a2":{"type":"image","settings":{"days-ago":"9 dagen geleden","review-headd":"Minder stress","review-desc":"Shilapure heeft mijn stressniveau aanzienlijk verminderd. Ik had vaak last van stress en spanning, wat mijn algehele welzijn beïnvloedde. Maar sinds ik Shilapure ben gaan gebruiken, voel ik me kalmer en meer ontspannen. Het helpt me om beter om te gaan met stressvolle situaties en me rustiger te voelen in het dagelijks leven.","name":"Mike v.d Tuin"}},"6cf9f7e3-6d9e-4fd6-8150-7d2464a791df":{"type":"image","settings":{"days-ago":"17 uur geleden","review-headd":"Soepelere spijsvertering","review-desc":"Shilapure heeft mijn spijsvertering verbeterd. Ik had regelmatig last van een opgeblazen gevoel en spijsverteringsproblemen, maar sinds ik Shilapure ben gaan gebruiken, merk ik dat mijn spijsvertering soepeler verloopt en dat ik minder last heb van ongemakken na het eten. Het heeft mijn maag en darmen echt geholpen.","name":"L. Oldenmenger"}},"810f5793-4eb2-4476-830c-510b661abaa5":{"type":"image","settings":{"days-ago":"8 dagen geleden","review-headd":"Huidconditie verbeterd","review-desc":"Shilapure heeft mijn huidconditie verbeterd. Ik had vaak last van acne en onzuiverheden, maar sinds ik Shilapure ben gaan gebruiken, is mijn huid veel rustiger en egaler geworden. Het heeft echt geholpen om mijn huid te zuiveren en te verzorgen.","name":"Pim E."}},"8b1e5f66-5360-48cc-8797-8da97d1e2863":{"type":"image","settings":{"days-ago":"4 dagen geleden","review-headd":"Energieniveau is gestegen","review-desc":"Sinds ik Shilapure ben gaan gebruiken, merk ik dat mijn energieniveau is gestegen. Ik voel me vitaler en heb meer energie om de dag door te komen. Het helpt me om vermoeidheid tegen te gaan en me gedurende de dag energiek te voelen","name":"Sietze v.d Peppel"}}},"block_order":["537cb5ac-6a90-4111-b2d7-a89e9ebd60c8","0658ab78-30e3-4411-a26b-8c11c2ef66f4","7d79c1de-66a2-4b96-b9c1-03cb41c0892e","776b34fd-ed1c-403c-bc5e-b382000dafe2","b9d3549d-b12c-4523-8713-3473d523d225","0e61a7f0-b511-4943-bb95-aac5bc1f6977","183b22a6-1a06-4863-a9aa-c63ca14fab63","05d38bd3-7384-4ab5-976d-82cb19ef0e57","b7d716c6-fecc-4a47-88ed-7be6433baed5","b25a3b14-8336-43f7-acd2-6b1b511ba318","3aad380e-a085-4560-8313-e414c58d51a2","6cf9f7e3-6d9e-4fd6-8150-7d2464a791df","810f5793-4eb2-4476-830c-510b661abaa5","8b1e5f66-5360-48cc-8797-8da97d1e2863"],"custom_css":[],"settings":{"left-head":"GEWELDIG","left-desc":"Shilapure.nl is beoordeeld met een 4.8\/5 totaal door 4300+ klanten. Bekijk wat onze klanten vinden:"}},"515f7224-e7f7-4a9e-96b8-af6b0516dad6":{"type":"slideshow","blocks":{"template--20178832130392__515f7224-e7f7-4a9e-96b8-af6b0516dad6-image-1":{"type":"image","settings":{"image":"shopify:\/\/shop_images\/F0ECE1.jpg","mobile_image":"shopify:\/\/shop_images\/F0ECE1_4e690427-0a3b-47bf-9a99-aef879d4e8fb.jpg","content_max_width":780,"mobile_text_position":"place-self-end-start text-start","desktop_text_position":"sm:place-self-end-start sm:text-start","subheading":"Bestellen is simpel","title":"Klik op 'Toevoegen aan winkelwagen' en reken veilig af om je bestelling te voltooien","heading_tag":"h4","button_text":"","button_link":"","text_color":"#ffffff","button_background":"#ffffff","button_text_color":"#000000","overlay_color":"#000000","overlay_opacity":30,"background":"","background_gradient":""}},"template--20178832130392__515f7224-e7f7-4a9e-96b8-af6b0516dad6-image-2":{"type":"image","settings":{"image":"shopify:\/\/shop_images\/F0ECE1_2.jpg","mobile_image":"shopify:\/\/shop_images\/F0ECE1_2_bf236819-8c1e-4e59-bab3-8a5419e374ad.jpg","content_max_width":780,"mobile_text_position":"place-self-end-start text-start","desktop_text_position":"sm:place-self-end-start sm:text-start","subheading":"Snelle verwerkingstijd","title":"Wij verwerken alle bestellingen binnen 24 uur","heading_tag":"h4","button_text":"","button_link":"","text_color":"#ffffff","button_background":"#ffffff","button_text_color":"#000000","overlay_color":"#000000","overlay_opacity":30,"background":"","background_gradient":""}},"5880b085-469f-4c9c-a521-10abce3c51a7":{"type":"image","settings":{"image":"shopify:\/\/shop_images\/F0ECE1_3.jpg","mobile_image":"shopify:\/\/shop_images\/F0ECE1_3_5bde9a47-0f62-4a61-b8e7-b63c0f879cde.jpg","content_max_width":780,"mobile_text_position":"place-self-end-start text-start","desktop_text_position":"sm:place-self-end-start sm:text-start","subheading":"Niet goed? Geld-terug-garantie!","title":"Geniet van je pakketje! Mocht er iets zijn, dan staat onze klantenservice altijd voor je klaar!","heading_tag":"h3","button_text":"","button_link":"","text_color":"#ffffff","button_background":"#ffffff","button_text_color":"#000000","overlay_color":"#000000","overlay_opacity":30,"background":"","background_gradient":""}}},"block_order":["template--20178832130392__515f7224-e7f7-4a9e-96b8-af6b0516dad6-image-1","template--20178832130392__515f7224-e7f7-4a9e-96b8-af6b0516dad6-image-2","5880b085-469f-4c9c-a521-10abce3c51a7"],"disabled":true,"custom_css":[],"settings":{"full_width":false,"allow_transparent_header":true,"image_size":"auto","controls_type":"numbers","transition_type":"fade_with_text","autoplay":false,"cycle_speed":6,"background":"#f6f6f6","background_gradient":""}}},"order":["main","7be31835-a9c6-4101-b568-fe8dc632ae1f","bf49376f-1cd3-44e2-a2ab-a16d3eec6170","34af5a80-3aa0-47cd-a692-976482c7bbae","f707f3b6-b11d-4e94-af65-9d829a3c4cf6","47a28095-96c5-4a23-b5ea-bf45ac0964a9","a3dcf649-0022-4f7c-a369-8e93481a5952","related-products","3f823448-6f30-4d71-b3f5-3469deac270e","515f7224-e7f7-4a9e-96b8-af6b0516dad6"]}