{"type":"footer","name":"Footer group","sections":{"text-with-icons":{"type":"text-with-icons","blocks":{"discount":{"type":"item","settings":{"icon":"picto-coupon","mobile_icon_width":44,"icon_width":52,"icon_background_type":"none","icon_background":"","icon_color":"","title":"🔒 Betaal veilig achteraf met Klarna","content":"<p>Voor maximaal betaalcomfort kun je gebruik maken van Klarna. Hierdoor kun je nu al bestellen, en hoef je later pas te betalen, hoe fijn is dat!<\/p>"}},"customer-support":{"type":"item","settings":{"icon":"picto-customer-support","mobile_icon_width":44,"icon_width":52,"icon_background_type":"none","icon_background":"","icon_color":"","title":"Klantenservice","content":"<p>Als je vragen hebt, aarzel dan niet om contact met ons op te nemen, we helpen je graag. Onze experts zijn 7 dagen per week beschikbaar om alle vragen die je hebt te beantwoorden.<\/p><p><strong>Contact:<\/strong> info@shilapure.nl of <a href=\"\/pages\/contact\" title=\"Contact\">Klik hier<\/a><\/p>"}},"free-shipping":{"type":"item","settings":{"icon":"picto-box","mobile_icon_width":44,"icon_width":52,"icon_background_type":"none","icon_background":"","icon_color":"","title":"Gratis verzending","content":"<p>Voor alle bestellingen in Nederland en België.<\/p>"}},"payment":{"type":"item","settings":{"icon":"picto-truck","mobile_icon_width":44,"icon_width":52,"icon_background_type":"none","icon_background":"","icon_color":"","title":"Super snelle verwerking","content":"<p>Alle bestellingen die doordeweeks vóór 23:00 bij ons binnen komen, worden dezelfde dag nog verwerkt. Wacht niet langer en bestel jouw pakketje vandaag nog!<\/p>"}}},"block_order":["discount","customer-support","free-shipping","payment"],"settings":{"full_width":true,"stack_on_mobile":false,"title":"","heading_tag":"h5","text_alignment":"center","icon_spacing":"small","background":"#f0ece1","background_gradient":"","text_color":"#000000"}},"477318f1-77a5-4318-b487-8ab7cd4be88c":{"type":"faq","blocks":{"sections--19346658722136__477318f1-77a5-4318-b487-8ab7cd4be88c-item-1":{"type":"item","settings":{"title":"Wat zijn de leveringskosten?","content":"<p>Aangezien wij de kosten voor jou als klant zo goedkoop mogelijk willen houden, bieden wij <strong>gratis verzending op iedere bestelling<\/strong>!<\/p>"}},"sections--19346658722136__477318f1-77a5-4318-b487-8ab7cd4be88c-item-2":{"type":"item","settings":{"title":"Hoe kan ik mijn bestelling volgen?","content":"<p>Zodra je pakket wordt verzonden, sturen we een e -mail met een track en trace. Hier kun je de status van jouw bestelling vinden en indien nodig de bezorgservice aanvullende instructies verstrekken. <\/p>"}},"sections--19346658722136__477318f1-77a5-4318-b487-8ab7cd4be88c-item-3":{"type":"item","settings":{"title":"Een andere vraag?","content":"<p>Je kunt <a href=\"\/pages\/veelgestelde-vragen\" title=\"Veelgestelde Vragen\">hier klikken<\/a> voor nog meer antwoorden. Als je vraag er niet tussen staat, aarzel dan niet om contact met ons op te nemen, we helpen je graag. Onze experts zijn 7 dagen per week beschikbaar om alle vragen die je hebt te beantwoorden.<\/p><p><strong>Contact:<\/strong> info@shilapure.nl of <a href=\"\/pages\/contact\" title=\"Contact\">klik hier <\/a>voor het contactformulier  <\/p>"}}},"block_order":["sections--19346658722136__477318f1-77a5-4318-b487-8ab7cd4be88c-item-1","sections--19346658722136__477318f1-77a5-4318-b487-8ab7cd4be88c-item-2","sections--19346658722136__477318f1-77a5-4318-b487-8ab7cd4be88c-item-3"],"settings":{"full_width":true,"subheading":"","title":"Veelgestelde Vragen","content":"","team_avatar_width":160,"support_hours":"Onze klantenservice is 7 dagen per week bereikbaar, van 08:00-21:30.","answer_time":"Gemiddelde antwoordtijd: 43 min.","button_text":"","button_url":"","text_position":"center","background":"","background_gradient":"linear-gradient(182deg, rgba(240, 236, 225, 1), rgba(26, 26, 26, 1) 98%)","text_color":"#ffffff","heading_color":"","heading_gradient":"radial-gradient(rgba(228, 228, 228, 1), rgba(255, 255, 255, 1) 100%)","button_background":"","button_text_color":"#ffffff","accordion_background":"","accordion_text_color":""}},"footer":{"type":"footer","blocks":{"newsletter":{"type":"newsletter","settings":{"image_width":150,"heading_size":"h4","title":"Join de club","content":"<p>Ontvang exclusieve deals, én maak kans op shoptegoed bij shilapure.nl!<\/p>"}},"text":{"type":"text","settings":{"title":"Onze missie","content":"<p>Bij shilapure.nl maken we het mogelijk om 'de verborgen schat van de natuur' te ontdekken.<\/p><p>Geniet van verbeterde energieniveaus met SHILAPURE.<\/p>","enable_follow_on_shop":false}},"links":{"type":"links","settings":{"menu":"footer","show_menu_title":false}}},"block_order":["newsletter","text","links"],"settings":{"show_social_media":true,"show_payment_icons":true,"show_country_selector":true,"show_country_flag":true,"show_country_name":true,"show_locale_selector":true}}},"order":["text-with-icons","477318f1-77a5-4318-b487-8ab7cd4be88c","footer"]}