{"type":"header","name":"Header group","sections":{"announcement-bar":{"type":"announcement-bar","blocks":{"message":{"type":"message","settings":{"text":"🔒 Betaal veilig achteraf met Klarna","url":""}},"ec965147-d065-42c6-9cc1-8707ffb68c58":{"type":"message","settings":{"text":"⭐️⭐️ ⭐️ ⭐️ ⭐️   4300+ tevreden klanten","url":""}},"7236299b-7e50-449c-836a-dc23c5d0751a":{"type":"message","settings":{"text":"🇳🇱 🇧🇪 Voor 23:00 besteld = Vandaag nog verwerkt 📦","url":""}}},"block_order":["message","ec965147-d065-42c6-9cc1-8707ffb68c58","7236299b-7e50-449c-836a-dc23c5d0751a"],"settings":{"enable_sticky":false,"text_size":"text-base","navigation_mode":"scrolling","scrolling_speed":12,"background":"#f0ece1","background_gradient":"","text_color":"#1a1a1a"}},"header":{"type":"header","settings":{"enable_sticky":true,"hide_on_scroll":true,"logo":"shopify:\/\/shop_images\/Untitled_design-removebg-preview..png","logo_max_width":140,"logo_mobile_max_width":100,"menu":"main-menu","sidebar_menu":"","secondary_menu":"","menu_open_trigger":"click","opening_from":"left","layout":"logo_left_navigation_center","show_social_media":false,"show_locale_selector":false,"show_country_selector":true,"show_country_flag":true,"show_country_name":false,"transparent_header_text_color":"#ffffff","reduce_padding":true,"background_opacity":100,"background_blur_radius":0}}},"order":["announcement-bar","header"]}