{"type":"custom.overlay","name":"Overlay group","sections":{"newsletter-popup":{"type":"newsletter-popup","disabled":true,"settings":{"apparition_delay":5,"show_only_on_index":true,"show_only_for_visitors":true,"show_only_once":true,"title":"Signup for our newsletter","button_text":"Subscribe","subtext":"Describe what your customers will receive when subscribing to your newsletter."}},"privacy-banner":{"type":"privacy-banner","settings":{"privacy_bar_title":"Cookies","privacy_bar_content":"<p>We gebruiken cookies en soortgelijke technologieën om je de beste ervaring op onze website te bieden. Raadpleeg ons Privacybeleid voor meer informatie.<\/p>"}},"cart-drawer":{"type":"cart-drawer","settings":{"show_cart_note":false,"show_shipping_text":false,"show_view_cart_button":true,"show_checkout_button":true,"recommendations_title":"Wordt ook vaak gekocht:","products":[],"product_card_background":"#f2f2f2","product_card_text_color":"#000000"}},"search-drawer":{"type":"search-drawer","settings":{"full_width":false,"show_article_category":false,"search_menu":"","search_menu_show_title":true}}},"order":["newsletter-popup","privacy-banner","cart-drawer","search-drawer"]}